{
  "bond_lengths": [
    0.5,
    0.75,
    1.0,
    1.25,
    1.5,
    1.75,
    2.0,
    2.25,
    2.5,
    2.75,
    3.0
  ],
  "final_energies": [
    -1.0786473414668083,
    -1.1623894626759874,
    -1.1372934276809232,
    -1.0953821492764246,
    -1.0608762713739384,
    -1.0396136296472605,
    -1.0421638989914859,
    -1.0776951414440754,
    -1.1709846397948214,
    -1.378809345475539,
    -1.8800684838450072
  ],
  "method": "ccsd",
  "basis": "cc-pVDZ",
  "energies_per_iteration": {
    "0.5": [
      -1.0797275180778878,
      -1.0791537723056914,
      -1.0786473414668083
    ],
    "0.75": [
      -1.1642124128937734,
      -1.163340760771575,
      -1.1623894626759874
    ],
    "1.0": [
      -1.141270088962538,
      -1.1403782985170599,
      -1.1372934276809232
    ],
    "1.25": [
      -1.1012458229514213,
      -1.1004663495578062,
      -1.0953821492764246
    ],
    "1.5": [
      -1.0681818682922244,
      -1.0676405682962167,
      -1.0608762713739384
    ],
    "1.75": [
      -1.0514166989149742,
      -1.0499372763291683,
      -1.0396136296472605
    ],
    "2.0": [
      -1.058530387382477,
      -1.0564200819891338,
      -1.0421638989914859
    ],
    "2.25": [
      -1.100958471272455,
      -1.0996780618201978,
      -1.0776951414440754
    ],
    "2.5": [
      -1.202016709698976,
      -1.2064527721742826,
      -1.1709846397948214
    ],
    "2.75": [
      -1.4171110215799787,
      -1.4499053537187976,
      -1.378809345475539
    ],
    "3.0": [
      -1.9092790092344964,
      -2.108351385733024,
      -1.8800684838450072
    ]
  }
}