{
  "bond_lengths": [
    0.5,
    0.75,
    1.0,
    1.25,
    1.5,
    1.75,
    2.0,
    2.25,
    2.5,
    2.75,
    3.0
  ],
  "final_energies": [
    -1.0720005918062891,
    -1.1540485315974922,
    -1.1276210136142621,
    -1.081305825441194,
    -1.0365989495817527,
    -0.9989829043127227,
    -0.9700427753217912,
    -0.9498297736350829,
    -0.9338342953425446,
    -0.9249836785078713,
    -0.9210798451191907
  ],
  "method": "mp2",
  "basis": "cc-pVDZ",
  "energies_per_iteration": {
    "0.5": [
      -1.0727623749984934,
      -1.0723756347064888,
      -1.0720005918062891
    ],
    "0.75": [
      -1.1552050355711498,
      -1.154648555273719,
      -1.1540485315974922
    ],
    "1.0": [
      -1.128859681831762,
      -1.1283319326589953,
      -1.1276210136142621
    ],
    "1.25": [
      -1.0825233159414358,
      -1.0821011650645254,
      -1.081305825441194
    ],
    "1.5": [
      -1.037835898395146,
      -1.0375125686773066,
      -1.0365989495817527
    ],
    "1.75": [
      -1.0003284985708576,
      -1.000076625420821,
      -0.9989829043127227
    ],
    "2.0": [
      -0.9711718879732735,
      -0.9711903756005418,
      -0.9700427753217912
    ],
    "2.25": [
      -0.9500021043838699,
      -0.9511258079762347,
      -0.9498297736350829
    ],
    "2.5": [
      -0.9359529997181186,
      -0.9356498578921523,
      -0.9338342953425446
    ],
    "2.75": [
      -0.9281247629499546,
      -0.9273849136466624,
      -0.9249836785078713
    ],
    "3.0": [
      -0.9256608612081706,
      -0.9243484422781154,
      -0.9210798451191907
    ]
  }
}