{
  "bond_lengths": [
    0.5,
    0.75,
    1.0,
    1.25,
    1.5,
    1.75,
    2.0,
    2.25,
    2.5,
    2.75,
    3.0
  ],
  "final_energies": [
    -1.0784417446822365,
    -1.1621731377088993,
    -1.1386310578493903,
    -1.097314098543375,
    -1.0607398320670736,
    -1.033818710936534,
    -1.0152385446330083,
    -1.0039325460135782,
    -0.9976882853159026,
    -0.9956438664916012,
    -0.9943055626282827
  ],
  "method": "cisd",
  "basis": "cc-pVDZ",
  "energies_per_iteration": {
    "0.5": [
      -1.0793700510886093,
      -1.0788993012411745,
      -1.0784417446822365
    ],
    "0.75": [
      -1.1635935606587073,
      -1.1629299639185162,
      -1.1621731377088993
    ],
    "1.0": [
      -1.140073480802574,
      -1.1395478540097086,
      -1.1386310578493903
    ],
    "1.25": [
      -1.0985630917450802,
      -1.0983628320747096,
      -1.097314098543375
    ],
    "1.5": [
      -1.0615349495400697,
      -1.0616844658418312,
      -1.0607398320670736
    ],
    "1.75": [
      -1.0345724189040657,
      -1.035124055926896,
      -1.033818710936534
    ],
    "2.0": [
      -1.0175941139989917,
      -1.0178179900835516,
      -1.0152385446330083
    ],
    "2.25": [
      -1.0080652226803335,
      -1.0076930597046796,
      -1.0039325460135782
    ],
    "2.5": [
      -1.0031292512120362,
      -1.0030782766432391,
      -0.9976882853159026
    ],
    "2.75": [
      -1.000702552513183,
      -1.0005948897308201,
      -0.9956438664916012
    ],
    "3.0": [
      -0.9995506185928903,
      -0.9993902561848662,
      -0.9943055626282827
    ]
  }
}