{
  "bond_lengths": [
    0.5,
    0.75,
    1.0,
    1.25,
    1.5,
    1.75,
    2.0,
    2.25,
    2.5,
    2.75,
    3.0
  ],
  "final_energies": [
    -1.081383065900881,
    -1.160756941602054,
    -1.1320950517201112,
    -1.0869344784587949,
    -1.0479730828676612,
    -1.0200536999249652,
    -1.0013644243809134,
    -0.9893395203185369,
    -0.9843170399960341,
    -0.9811258178748685,
    -0.9795057110643539
  ],
  "method": "dmrg",
  "basis": "cc-pVDZ",
  "energies_per_iteration": {
    "0.5": [
      -1.083159290287901,
      -1.082245621247365,
      -1.081383065900881
    ],
    "0.75": [
      -1.1626798276984491,
      -1.1617449420941386,
      -1.160756941602054
    ],
    "1.0": [
      -1.1339511468904424,
      -1.133133676769548,
      -1.1320950517201112
    ],
    "1.25": [
      -1.088489545869794,
      -1.0879542956595434,
      -1.0869344784587949
    ],
    "1.5": [
      -1.0490691332733406,
      -1.0489677729749598,
      -1.0479730828676612
    ],
    "1.75": [
      -1.0207532266978714,
      -1.0210418135363093,
      -1.0200536999249652
    ],
    "2.0": [
      -1.0029082102108506,
      -1.0027528029742332,
      -1.0013644243809134
    ],
    "2.25": [
      -0.9927166794025577,
      -0.991371465755448,
      -0.9893395203185369
    ],
    "2.5": [
      -0.9872818151651455,
      -0.9867295338375512,
      -0.9843170399960341
    ],
    "2.75": [
      -0.9845239637545549,
      -0.9837151045642667,
      -0.9811258178748685
    ],
    "3.0": [
      -0.9831892526038412,
      -0.9821356972131025,
      -0.9795057110643539
    ]
  }
}